,Symbol
0,A
1,AA
2,AACI
3,AACIU
4,AACIW
5,AAGR
6,AAGRW
7,AAN
8,AAOI
9,AAPL
10,AAT
11,ABBV
12,ABCB
13,ABG
14,ABL
15,ABLLW
16,ABNB
17,ABOS
18,ABR
19,ABSI
20,AC
21,ACA
22,ACAD
23,ACCD
24,ACEL
25,ACET
26,ACHR
27,ACI
28,ACLS
29,ACM
30,ACMR
31,ACP
32,ACRE
33,ACRS
34,ACT
35,ACU
36,ACV
37,ACVA
38,ACXP
39,ADBE
40,ADEA
41,ADIL
42,ADN
43,ADNT
44,ADNWW
45,ADPT
46,ADT
47,ADTH
48,ADTHW
49,ADTN
50,ADTX
51,ADUS
52,ADV
53,ADVM
54,ADVWW
55,AE
56,AEAE
57,AEAEU
58,AEAEW
59,AEFC
60,AEHR
61,AEI
62,AEIS
63,AERT
64,AERTW
65,AEVA
66,AFB
67,AFBI
68,AFCG
69,AFGB
70,AFGC
71,AFGD
72,AFGE
73,AFRM
74,AGAE
75,AGD
76,AGEN
77,AGFY
78,AGIO
79,AGL
80,AGNC
81,AGR
82,AGS
83,AHCO
84,AHH
85,AHT
86,AI
87,AILE
88,AILEW
89,AIM
90,AINC
91,AIP
92,AIRC
93,AIRG
94,AIRS
95,AISP
96,AISPW
97,AIV
98,AIZ
99,AIZN
100,AJX
101,AKAM
102,AKBA
103,AKLI
104,AKRO
105,AKYA
106,AL
107,ALDX
108,ALEC
109,ALGM
110,ALGN
111,ALGS
112,ALGT
113,ALHC
114,ALIM
115,ALIT
116,ALKT
117,ALLE
118,ALLK
119,ALLO
120,ALLY
121,ALNY
122,ALOT
123,ALPN
124,ALRM
125,ALRN
126,ALRS
127,ALSN
128,ALTG
129,ALTI
130,ALTR
131,ALVR
132,ALXO
133,ALZN
134,AM
135,AMAL
136,AMAT
137,AMBA
138,AMC
139,AMGN
140,AMH
141,AMK
142,AMKR
143,AMPH
144,AMPS
145,AMPY
146,AMR
147,AMRC
148,AMS
149,AMSC
150,AMSF
151,AMST
152,AMWD
153,AMWL
154,AMZN
155,ANAB
156,ANEB
157,ANET
158,ANGO
159,ANNX
160,ANSS
161,ANVS
162,AOD
163,AOMR
164,AONC
165,AONCW
166,APAM
167,APEI
168,APG
169,APLE
170,APLS
171,APLT
172,APOS
173,APP
174,APPF
175,APPN
176,APRE
177,AQMS
178,AQN
179,AQNB
180,AQNU
181,AQST
182,AR
183,ARAY
184,ARC
185,ARCC
186,ARCH
187,ARDC
188,ARDX
189,ARES
190,ARHS
191,ARI
192,ARIS
193,ARLO
194,ARLP
195,ARMK
196,ARQT
197,ARRY
198,ARVN
199,ARYD
200,ASAN
201,ASGN
202,ASIX
203,ASLE
204,ASMB
205,ASO
206,ASPN
207,ASTE
208,ASTR
209,ASTS
210,ASTSW
211,ATEC
212,ATEN
213,ATER
214,ATEX
215,ATHA
216,ATKR
217,ATLC
218,ATNF
219,ATNFW
220,ATOM
221,ATOS
222,ATRA
223,ATRC
224,ATUS
225,ATXI
226,ATXS
227,AULT
228,AUR
229,AURA
230,AUROW
231,AUUD
232,AUUDW
233,AUVI
234,AVAH
235,AVAV
236,AVD
237,AVDX
238,AVGO
239,AVGR
240,AVIR
241,AVK
242,AVNS
243,AVO
244,AVPT
245,AVPTW
246,AVRO
247,AVTE
248,AVTR
249,AVTX
250,AWF
251,AWK
252,AWP
253,AWRE
254,AWX
255,AX
256,AXNX
257,AXON
258,AXSM
259,AXTA
260,AXTI
261,AZEK
262,BACK
263,BAH
264,BALY
265,BAND
266,BANF
267,BARK
268,BASE
269,BBAI
270,BBCP
271,BBGI
272,BBIO
273,BBN
274,BBSI
275,BBW
276,BCAB
277,BCAT
278,BCBP
279,BCC
280,BCML
281,BCOV
282,BCOW
283,BCRX
284,BCSF
285,BCV
286,BCX
287,BDJ
288,BDL
289,BDSX
290,BDTX
291,BE
292,BEAM
293,BEAT
294,BEATW
295,BECN
296,BEPC
297,BERY
298,BFAM
299,BFIN
300,BFLY
301,BFRI
302,BFRIW
303,BFS
304,BFZ
305,BGB
306,BGFV
307,BGH
308,BGR
309,BGT
310,BGY
311,BH
312,BHAC
313,BHACW
314,BHB
315,BHIL
316,BHK
317,BHR
318,BHV
319,BIGC
320,BILL
321,BIO
322,BIOR
323,BIRD
324,BJ
325,BJDX
326,BKD
327,BKN
328,BKSY
329,BKU
330,BL
331,BLBD
332,BLD
333,BLDE
334,BLDEW
335,BLDR
336,BLE
337,BLFY
338,BLIN
339,BLK
340,BLKB
341,BLMN
342,BLND
343,BLUE
344,BLW
345,BLZE
346,BMBL
347,BME
348,BMEA
349,BMI
350,BMRN
351,BNAI
352,BNAIW
353,BNED
354,BNGO
355,BNIX
356,BNIXR
357,BNL
358,BNOX
359,BNTC
360,BNZI
361,BNZIW
362,BODI
363,BOE
364,BOLT
365,BOOT
366,BOWL
367,BOX
368,BOXL
369,BPMC
370,BRDG
371,BREZ
372,BREZR
373,BREZW
374,BRKHU
375,BRLT
376,BRN
377,BROS
378,BRP
379,BRSP
380,BRX
381,BRY
382,BRZE
383,BSBK
384,BSL
385,BSM
386,BST
387,BSVN
388,BSY
389,BTA
390,BTAI
391,BTBD
392,BTBDW
393,BTBT
394,BTO
395,BTOG
396,BTT
397,BTU
398,BTZ
399,BUI
400,BURL
401,BURU
402,BV
403,BVS
404,BW
405,BWB
406,BWFG
407,BWG
408,BWMN
409,BWNB
410,BWSN
411,BX
412,BXC
413,BXP
414,BY
415,BYD
416,BYM
417,BYND
418,BYSI
419,BZFD
420,BZFDW
421,BZH
422,CABA
423,CABO
424,CACC
425,CADL
426,CAF
427,CAKE
428,CALM
429,CALX
430,CAMP
431,CAPL
432,CARA
433,CARG
434,CARM
435,CARR
436,CARS
437,CASH
438,CASY
439,CAUD
440,CBH
441,CBL
442,CBNK
443,CBRG
444,CBRL
445,CBUS
446,CC
447,CCB
448,CCCC
449,CCL
450,CCLD
451,CCO
452,CCRD
453,CCRN
454,CCS
455,CCTS
456,CCTSU
457,CCTSW
458,CDAQ
459,CDLX
460,CDNA
461,CDRE
462,CDTX
463,CDW
464,CDXS
465,CE
466,CECO
467,CEIX
468,CELC
469,CELU
470,CELUW
471,CEM
472,CENT
473,CENX
474,CERE
475,CERO
476,CEROW
477,CERS
478,CERT
479,CET
480,CEV
481,CF
482,CFB
483,CFG
484,CFLT
485,CG
486,CGBD
487,CGEM
488,CGNX
489,CGO
490,CGTX
491,CHCI
492,CHCT
493,CHEF
494,CHGG
495,CHI
496,CHPT
497,CHRS
498,CHRW
499,CHUY
500,CHW
501,CHWY
502,CHY
503,CIA
504,CIEN
505,CIFR
506,CIFRW
507,CII
508,CIM
509,CING
510,CINGW
511,CION
512,CIVI
513,CIX
514,CKX
515,CLBK
516,CLDT
517,CLIR
518,CLM
519,CLMT
520,CLNE
521,CLOE
522,CLOER
523,CLPR
524,CLSD
525,CLST
526,CMAX
527,CMAXW
528,CMCO
529,CME
530,CMG
531,CMP
532,CMPO
533,CMPOW
534,CMRX
535,CMSA
536,CMSC
537,CMSD
538,CMT
539,CMTG
540,CMU
541,CNFR
542,CNGLU
543,CNK
544,CNM
545,CNMD
546,CNNE
547,CNS
548,CNSL
549,CNSP
550,CNTX
551,CNX
552,COCH
553,COCHW
554,COCO
555,CODI
556,CODX
557,COEP
558,COEPW
559,COF
560,COGT
561,COKE
562,COLB
563,COLD
564,COLL
565,COLM
566,COMM
567,COMP
568,CONN
569,COOK
570,COOL
571,COOLW
572,CORT
573,COTY
574,COUR
575,CPIX
576,CPNG
577,CPRT
578,CPRX
579,CPSS
580,CPT
581,CPTN
582,CPTNW
583,CPZ
584,CQP
585,CRAI
586,CRBU
587,CRC
588,CRCT
589,CRF
590,CRGY
591,CRI
592,CRL
593,CRM
594,CRNX
595,CROX
596,CRSR
597,CRT
598,CRUS
599,CRVS
600,CRWD
601,CSCO
602,CSGP
603,CSGS
604,CSPI
605,CSQ
606,CSSE
607,CSTL
608,CTAS
609,CTBB
610,CTCX
611,CTCXW
612,CTDD
613,CTGO
614,CTHR
615,CTKB
616,CTLT
617,CTMX
618,CTO
619,CTR
620,CTRN
621,CTSH
622,CTVA
623,CUBB
624,CUE
625,CULL
626,CURI
627,CURIW
628,CUTR
629,CVGI
630,CVI
631,CVLT
632,CVM
633,CVNA
634,CVR
635,CVRX
636,CWAN
637,CWEN
638,CWH
639,CWST
640,CXAI
641,CXAIW
642,CXE
643,CXH
644,CXM
645,CYH
646,CYN
647,CYTK
648,CZWI
649,DAIO
650,DAKT
651,DAR
652,DARE
653,DATS
654,DATSW
655,DAWN
656,DAY
657,DBGI
658,DBGIW
659,DBL
660,DBRG
661,DBX
662,DCGO
663,DCPH
664,DD
665,DDOG
666,DEA
667,DECK
668,DEI
669,DELL
670,DERM
671,DFIN
672,DFLI
673,DFLIW
674,DG
675,DGICB
676,DGII
677,DH
678,DHAC
679,DHACW
680,DHF
681,DHX
682,DHY
683,DIBS
684,DINO
685,DIT
686,DJTWW
687,DK
688,DKL
689,DKNG
690,DKS
691,DLA
692,DLB
693,DLR
694,DLTH
695,DLTR
696,DLY
697,DM
698,DMAC
699,DMF
700,DMO
701,DMTK
702,DNA
703,DNB
704,DNLI
705,DNMR
706,DNOW
707,DNP
708,DNTH
709,DNUT
710,DOCN
711,DOCS
712,DOCU
713,DOMA
714,DOMO
715,DOUG
716,DOW
717,DPCS
718,DPG
719,DPZ
720,DRH
721,DRMA
722,DRMAW
723,DRQ
724,DRRX
725,DRVN
726,DSGN
727,DSL
728,DSM
729,DSP
730,DSU
731,DT
732,DTB
733,DTC
734,DTF
735,DTG
736,DTI
737,DTIL
738,DTM
739,DTW
740,DUKB
741,DUOL
742,DV
743,DVAX
744,DVN
745,DXCM
746,DYN
747,EAD
748,EAF
749,EAI
750,EARN
751,EB
752,EBAY
753,EBC
754,EBMT
755,EBS
756,ECC           
757,ECCW
758,ECF
759,ECOR
760,ECVT
761,EDD
762,EDF
763,EDIT
764,EDR
765,EEFT
766,EEIQ
767,EEX
768,EFC
769,EFR
770,EFT
771,EFTR
772,EFTRW
773,EGAN
774,EGF
775,EGIO
776,EGRX
777,EHI
778,EHTH
779,EIG
780,EIM
781,EL
782,ELAN
783,ELC
784,ELDN
785,ELEV
786,ELF
787,ELMD
788,ELME
789,ELTX
790,ELUT
791,ELVN
792,ELYM
793,EMF
794,EMKR
795,EMO
796,EMP
797,ENFN
798,ENO
799,ENPH
800,ENR
801,ENS
802,ENSG
803,ENTA
804,ENTG
805,ENV
806,ENVA
807,ENVX
808,ENX
809,ENZ
810,EOD
811,EOI
812,EOLS
813,EOT
814,EPAM
815,EPR
816,EPRT
817,EQ
818,EQH
819,EQIX
820,ERAS
821,ERC
822,ERII
823,ESI
824,ESLA
825,ESLAW
826,ESP
827,ESPR
828,ESQ
829,ESRT
830,ESS
831,ESSA
832,ESTC
833,ETB
834,ETG
835,ETJ
836,ETNB
837,ETO
838,ETON
839,ETRN
840,ETSY
841,ETV
842,ETW
843,ETWO
844,ETY
845,EVA
846,EVBG
847,EVC
848,EVCM
849,EVER
850,EVF
851,EVG
852,EVH
853,EVI
854,EVLV
855,EVLVW
856,EVM
857,EVN
858,EVOK
859,EVR
860,EVT
861,EVV
862,EWCZ
863,EWTX
864,EXAS
865,EXEL
866,EXFY
867,EXG
868,EXLS
869,EXR
870,EXTR
871,EYE
872,EYEN
873,EZFL
874,EZPW
875,FA
876,FAAS
877,FAASW
878,FAM
879,FANG
880,FARO
881,FAST
882,FAT
883,FATE
884,FAX
885,FBK
886,FBNC
887,FBRT
888,FBRX
889,FCFS
890,FCN
891,FCO
892,FCPT
893,FCT
894,FDMT
895,FDS
896,FDUS
897,FEMY
898,FET
899,FEXDU
900,FFA
901,FFC
902,FFIE
903,FFIEW
904,FFIV
905,FFNW
906,FGB
907,FGEN
908,FGF
909,FHB
910,FHLT
911,FHLTW
912,FHTX
913,FIAC
914,FIACW
915,FIBK
916,FIGS
917,FINV
918,FINW
919,FISI
920,FIVE
921,FIVN
922,FIX
923,FLC
924,FLGT
925,FLNC
926,FLWS
927,FLYW
928,FMN
929,FMY
930,FNA
931,FNCH
932,FND
933,FNF
934,FNKO
935,FNWB
936,FOA
937,FOF
938,FOLD
939,FONR
940,FOR
941,FORM
942,FORR
943,FOSL
944,FOUR
945,FOXF
946,FPF
947,FPH
948,FPI
949,FR
950,FRA
951,FRBA
952,FRD
953,FREE
954,FRGE
955,FRGT
956,FRLA
957,FRLAW
958,FROG
959,FRPT
960,FRSH
961,FRST
962,FSBC
963,FSBW
964,FSEA
965,FSFG
966,FSK
967,FSLR
968,FSLY
969,FTCI
970,FTF
971,FTHM
972,FTHY
973,FTNT
974,FTS
975,FTV
976,FUBO
977,FULC
978,FUN
979,FWBI
980,FWRG
981,GAB
982,GAIA
983,GAIN
984,GAMC
985,GAMCW
986,GANX
987,GATE
988,GATO
989,GBAB
990,GBDC
991,GBIO
992,GBNY
993,GBR
994,GBTG
995,GBX
996,GCI
997,GDDY
998,GDL
999,GDO
1000,GDOT
1001,GDRX
1002,GDV
1003,GDYN
1004,GEL
1005,GERN
1006,GES
1007,GEVO
1008,GF
1009,GFS
1010,GGN
1011,GH
1012,GHLD
1013,GHM
1014,GHSI
1015,GHY
1016,GIFI
1017,GIII
1018,GILD
1019,GKOS
1020,GLAD
1021,GLLI
1022,GLLIR
1023,GLLIU
1024,GLO
1025,GLOB
1026,GLP
1027,GLQ
1028,GLSI
1029,GLT
1030,GLU
1031,GLUE
1032,GLV
1033,GLYC
1034,GM
1035,GME
1036,GMED
1037,GMFIU
1038,GMRE
1039,GMS
1040,GNE
1041,GNL
1042,GNLN
1043,GNPX
1044,GNRC
1045,GNT
1046,GNW
1047,GO
1048,GOCO
1049,GOEV
1050,GOEVW
1051,GOGO
1052,GOLF
1053,GOOD
1054,GOOG
1055,GOOGL
1056,GOSS
1057,GPAC
1058,GPACW
1059,GPI
1060,GPJA
1061,GPMT
1062,GPOR
1063,GPRO
1064,GRBK
1065,GRC
1066,GRI
1067,GRPN
1068,GRTS
1069,GRTX
1070,GRYP
1071,GS
1072,GSAT
1073,GSBC
1074,GSBD
1075,GSHD
1076,GSIT
1077,GTAC
1078,GTACW
1079,GTHX
1080,GTLB
1081,GTLS
1082,GUG
1083,GWRE
1084,GWRS
1085,GXO
1086,GYRE
1087,H
1088,HAE
1089,HASI
1090,HAYN
1091,HAYW
1092,HBB
1093,HBCP
1094,HBIO
1095,HBT
1096,HCA
1097,HCAT
1098,HCC
1099,HCP
1100,HCSG
1101,HCTI
1102,HCVI
1103,HCWB
1104,HCXY
1105,HEES
1106,HEI
1107,HEQ
1108,HESM
1109,HFBL
1110,HFFG
1111,HFRO
1112,HGAS
1113,HGASW
1114,HGTY
1115,HGV
1116,HIBB
1117,HIE
1118,HIMS
1119,HIPO
1120,HIW
1121,HIX
1122,HLI
1123,HLIO
1124,HLIT
1125,HLLY
1126,HLMN
1127,HLNE
1128,HLT
1129,HLTH
1130,HMN
1131,HMST
1132,HNST
1133,HNW
1134,HOLO
1135,HOLOW
1136,HOLX
1137,HOMB
1138,HONE
1139,HOOD
1140,HOOK
1141,HOTH
1142,HOUS
1143,HOV
1144,HOWL
1145,HPE
1146,HPF
1147,HPI
1148,HPP
1149,HPS
1150,HQH
1151,HQL
1152,HQY
1153,HRI
1154,HRMY
1155,HRT
1156,HRTG
1157,HRZN
1158,HSIC
1159,HSII
1160,HSTM
1161,HTBI
1162,HTD
1163,HTGC
1164,HTLD
1165,HUBB
1166,HUBG
1167,HUBS
1168,HUMA
1169,HUMAW
1170,HUN
1171,HURN
1172,HUYA
1173,HYB
1174,HYFM
1175,HYLN
1176,HYMC
1177,HYMCW
1178,HYPR
1179,HYT
1180,HYZN
1181,HYZNW
1182,HZO
1183,IAE
1184,IAF
1185,IAS
1186,IBKR
1187,IBP
1188,IBRX
1189,IBTX
1190,ICCC
1191,ICCH
1192,ICE
1193,ICFI
1194,ICHR
1195,ICMB
1196,ICU
1197,ICUCW
1198,ICUI
1199,IDE
1200,IDN
1201,IDXX
1202,IDYA
1203,IEX
1204,IGA
1205,IGD
1206,IGI
1207,IGMS
1208,IGR
1209,IGT
1210,IGTAU
1211,IH
1212,IHD
1213,IHT
1214,IIF
1215,IIIV
1216,IIPR
1217,IKNA
1218,IKT
1219,ILMN
1220,ILPT
1221,IMAQ
1222,IMAQU
1223,IMKTA
1224,IMMR
1225,IMMX
1226,IMNM
1227,IMRX
1228,IMUX
1229,IMVT
1230,IMXI
1231,INAB
1232,INBS
1233,INBX
1234,INFA
1235,INFN
1236,INGN
1237,INKT
1238,INMB
1239,INN
1240,INNV
1241,INOD
1242,INSE
1243,INSP
1244,INSW
1245,INTA
1246,INTE
1247,INTEW
1248,INTT
1249,INTU
1250,INVA
1251,INVH
1252,INZY
1253,IONQ
1254,IOR
1255,IOT
1256,IPDN
1257,IPGP
1258,IPI
1259,IPSC
1260,IPW
1261,IPWR
1262,IQV
1263,IR
1264,IRAA
1265,IRAAW
1266,IRBT
1267,IRIX
1268,IRMD
1269,IROQ
1270,IRT
1271,IRTC
1272,IRWD
1273,ISD
1274,ISPC
1275,ISPO
1276,ISPOW
1277,ISRG
1278,ISSC
1279,ISTR
1280,ISUN
1281,IT
1282,ITOS
1283,ITRI
1284,ITT
1285,IVAC
1286,IVR
1287,IVT
1288,IVVD
1289,JAGX
1290,JAKK
1291,JAMF
1292,JANX
1293,JBGS
1294,JBI
1295,JBL
1296,JBLU
1297,JBSS
1298,JCE
1299,JELD
1300,JEQ
1301,JFR
1302,JGH
1303,JILL
1304,JJSF
1305,JKHY
1306,JLS
1307,JNPR
1308,JOB
1309,JOBY
1310,JOF
1311,JPC
1312,JQC
1313,JRI
1314,JRS
1315,JRSH
1316,JSPR
1317,JSPRW
1318,JVA
1319,JXN
